Store,StoreType,CompetitionDistance,CompetitionOpenSinceMonth,CompetitionOpenSinceYear,Date,Sales,Customers
649,a,14570.0,11.0,2002.0,2014-05-04,1893.8451186039472,190.3654925710949
908,a,1980.0,7.0,2010.0,2015-01-25,2094.4570439486247,225.4933646991708
404,a,1420.0,,,2014-08-24,2420.7318429353986,228.831276860361
708,c,11470.0,10.0,2009.0,2013-12-01,1779.0,265.0
1068,d,5010.0,,,2014-02-09,3608.322260556746,265.1630812121384
209,a,11680.0,9.0,2011.0,2014-11-30,2886.493508275008,289.0021290305033
793,d,2710.0,7.0,2006.0,2015-04-19,2797.048961173341,292.5537015193578
685,a,650.0,11.0,2013.0,2014-11-19,2918.519930288261,294.4022374466264
777,d,8250.0,10.0,2004.0,2015-04-26,2597.973759420509,298.8841159874923
548,d,3760.0,2.0,2009.0,2013-05-26,3352.0,300.0
198,a,290.0,9.0,2002.0,2013-09-01,2131.700041131301,301.2789033654533
685,a,650.0,11.0,2013.0,2015-04-12,2543.532545919552,304.4956275159667
715,a,14810.0,6.0,2014.0,2014-10-19,2160.2853374633314,305.63782313448587
198,a,290.0,9.0,2002.0,2014-01-12,2245.3088326638567,307.26476156738465
715,a,14810.0,6.0,2014.0,2015-01-18,2612.016984029133,310.5390295847488
548,d,3760.0,2.0,2009.0,2013-01-13,3447.2180326807397,313.3847787499243
520,a,6900.0,,,2013-04-07,2650.0,325.0
242,d,6880.0,9.0,2001.0,2013-11-17,4921.8604946791465,339.17950888769127
420,d,250.0,,,2014-08-03,3584.0582817809277,340.81078477686896
242,d,6880.0,9.0,2001.0,2013-04-28,4543.0,341.0
675,a,2100.0,8.0,2013.0,2013-05-20,3139.6293366567047,344.60586925429703
420,d,250.0,,,2013-09-15,3900.629451572516,346.25070110556646
675,a,2100.0,8.0,2013.0,2014-04-21,3110.6621479273713,346.9444250406927
485,d,3270.0,,,2014-07-13,3703.829926893272,357.54039615017837
867,d,21810.0,9.0,2012.0,2014-01-12,2884.6094634916994,362.23266537147737
601,d,8220.0,4.0,2014.0,2013-03-03,3914.6300587415203,367.55436477300367
601,d,8220.0,4.0,2014.0,2015-06-21,3348.325279380345,368.2231980088893
486,a,2320.0,,,2014-10-12,2890.0,372.0
194,d,16970.0,,,2013-05-26,4348.73312629439,372.40580040418786
194,d,16970.0,,,2015-07-12,4120.963936605863,377.7308056440895
222,a,2170.0,11.0,2008.0,2014-11-09,3204.936084358601,378.7697917612287
39,a,260.0,10.0,2006.0,2013-04-12,2023.7197541275448,381.0216670319927
461,d,1790.0,7.0,2013.0,2014-07-20,2244.2495670745034,383.3633050130945
442,c,500.0,,,2014-05-11,3119.879138856745,383.8143072900348
55,a,720.0,11.0,2004.0,2013-01-01,2730.5886845675245,384.548355071408
789,a,9770.0,7.0,2003.0,2013-12-26,3487.050466993794,386.34564446209936
789,a,9770.0,7.0,2003.0,2013-12-15,3562.5556965447554,386.7645575045169
855,a,3440.0,,,2014-04-27,3863.0468560670192,386.90813165521934
550,d,50.0,6.0,2015.0,2013-01-13,4259.760097800692,389.9159984030428
473,a,50.0,,,2013-03-17,2071.7709925137688,390.0094517183712
39,a,260.0,10.0,2006.0,2013-05-12,2590.1262098261473,390.14486726971916
748,d,2380.0,3.0,2010.0,2013-09-29,3433.566483594801,390.25960207195914
425,d,1460.0,,,2014-08-03,2525.285787686341,391.0520651873477
442,c,500.0,,,2013-11-03,3667.6398150480845,391.4450246206342
455,d,7660.0,9.0,2010.0,2013-03-29,6350.5131141696165,391.47230300214363
495,d,5470.0,,,2013-05-01,4780.528225386353,393.05150955380486
1028,a,150.0,,,2013-12-25,3081.4704575438677,393.8435037535248
960,d,8990.0,,,2013-07-21,4693.033716732282,394.3976562821344
793,d,2710.0,7.0,2006.0,2013-03-10,4100.0,395.0
942,d,6860.0,,,2014-01-12,3485.0841154597365,396.6148463232175
889,d,18670.0,12.0,2005.0,2013-08-11,2029.124005684409,398.25330155540223
442,c,500.0,,,2013-08-18,3859.686709736042,399.932984156632
693,d,450.0,,,2013-02-03,4591.522558819472,399.9662700497528
855,a,3440.0,,,2014-05-29,3187.846573618613,401.4978914017201
39,a,260.0,10.0,2006.0,2013-12-15,2167.767452167477,401.5977380804319
56,d,6620.0,3.0,2012.0,2014-03-02,5902.090988264464,403.09313658549553
1077,a,3750.0,11.0,2001.0,2015-05-14,3252.7215773032594,403.9016862511156
1042,a,3440.0,,,2013-10-03,2626.9325492328157,403.9814438602596
367,d,2640.0,9.0,2012.0,2013-01-27,3598.0,406.0
429,d,16350.0,7.0,2005.0,2014-06-09,5239.816625779717,407.83133796702117
1028,a,150.0,,,2014-02-09,2808.0,408.0
890,a,4450.0,,,2015-05-10,3882.957750502356,408.6587606430847
1042,a,3440.0,,,2013-09-15,2692.0,409.0
710,d,1500.0,9.0,2008.0,2014-09-07,4268.551455461434,409.9219077177025
48,a,1060.0,5.0,2012.0,2013-12-29,4434.443783725698,410.917048975152
219,a,1640.0,2.0,2013.0,2014-02-09,2913.087968054167,410.939107933386
1028,a,150.0,,,2013-10-03,2695.481331804764,411.1578096847388
1042,a,3440.0,,,2013-08-04,2526.64175057047,413.8245626510188
693,d,450.0,,,2014-11-09,5335.156953559137,414.1585522693865
48,a,1060.0,5.0,2012.0,2014-06-22,3717.238406593295,414.89767434169937
555,d,1560.0,1.0,2014.0,2014-12-21,4971.406240015387,415.75036371208364
451,a,2460.0,4.0,2009.0,2013-09-22,4314.0,416.0
56,d,6620.0,3.0,2012.0,2013-07-14,5715.0,416.0
429,d,16350.0,7.0,2005.0,2013-02-10,4000.153773401981,416.4065969542165
1077,a,3750.0,11.0,2001.0,2013-02-17,3311.656156087976,417.7883906764255
1028,a,150.0,,,2014-01-05,3055.628155970846,417.9238039293492
162,d,5340.0,3.0,2012.0,2014-11-30,5299.383731612501,418.11726146517
591,a,3340.0,,,2015-06-21,4530.043610172758,418.1775562419992
890,a,4450.0,,,2013-02-17,4350.21554557893,419.7138464213417
566,a,3620.0,,,2013-07-14,3748.0,421.0
960,d,8990.0,,,2013-08-04,4324.484915288373,421.56587206222594
285,a,2410.0,,,2013-11-10,5016.1965527454795,424.62097518477935
290,a,4150.0,5.0,2001.0,2013-12-25,3851.005722239018,424.6216480705018
162,d,5340.0,3.0,2012.0,2014-11-01,5566.234683392096,427.210340980434
997,d,5840.0,7.0,2010.0,2015-06-28,4786.693807991388,427.47417234124777
997,d,5840.0,7.0,2010.0,2015-04-06,5265.2670632850295,428.3157129921186
818,d,490.0,,,2014-04-18,2825.7123667121764,430.3859355497969
429,d,16350.0,7.0,2005.0,2014-06-29,5098.173739739133,431.63876098628447
818,d,490.0,,,2014-09-28,3317.0610223381977,432.51040199112884
240,a,1110.0,5.0,2009.0,2014-09-02,4001.1938301431487,433.0223624689002
976,a,4180.0,,,2013-10-13,2914.120104871816,433.2625331370056
642,c,530.0,4.0,2005.0,2013-11-17,3310.780886950271,433.83345781447883
451,a,2460.0,4.0,2009.0,2013-10-22,4084.790337031023,435.2543775439666
832,d,5070.0,,,2015-05-03,4262.46526622293,435.742009690814
611,a,8080.0,12.0,2002.0,2014-05-25,5417.5633421924795,436.83936495569054
782,c,5390.0,8.0,2003.0,2013-12-01,4807.030295421021,436.84811058158135
611,a,8080.0,12.0,2002.0,2015-01-11,5428.014554030246,438.6851049814334
960,d,8990.0,,,2013-12-25,3615.666396621812,440.36309245614603
594,a,1790.0,10.0,2011.0,2013-06-23,3323.892855113715,440.74689021823167
642,c,530.0,4.0,2005.0,2013-01-20,2740.285228324459,440.8804793966861
710,d,1500.0,9.0,2008.0,2013-03-31,5752.709791271021,441.5252868895552
803,d,1760.0,,,2014-06-01,4234.567905933986,441.6175595794905
642,c,530.0,4.0,2005.0,2014-12-25,3862.062215255157,441.6931992330735
395,a,3620.0,2.0,2013.0,2015-05-03,2945.6535817781983,441.94073347318346
594,a,1790.0,10.0,2011.0,2014-01-26,3618.669944173777,442.44787812663736
240,a,1110.0,5.0,2009.0,2013-12-25,2879.938020945262,443.1966342791887
111,d,7890.0,,,2014-05-18,5585.81326880484,445.51724799465836
97,d,8980.0,,,2013-09-01,4279.047790692621,447.10332154667987
664,d,1680.0,10.0,2005.0,2013-01-20,2571.573093634237,447.24215682936216
491,d,4680.0,,,2013-05-30,5311.506139869655,447.53726308537847
266,a,360.0,3.0,2014.0,2015-03-29,4267.002694734852,452.85539891793695
371,d,1970.0,7.0,2009.0,2015-04-03,4625.214366492791,453.02147292207013
158,d,11840.0,,,2014-01-05,8637.001044548073,453.49020424375465
111,d,7890.0,,,2015-03-15,4877.711320901433,457.0482752504384
266,a,360.0,3.0,2014.0,2014-07-06,4379.7380365554745,457.4259330749262
782,c,5390.0,8.0,2003.0,2013-06-16,4896.71610713889,457.4707865718428
611,a,8080.0,12.0,2002.0,2014-02-23,4061.481593187673,458.5770172844053
158,d,11840.0,,,2013-08-04,8864.943386814884,458.76769115857087
162,d,5340.0,3.0,2012.0,2014-05-18,6115.0,460.0
92,c,240.0,,,2014-05-01,3907.1678272389704,460.22468152526176
371,d,1970.0,7.0,2009.0,2014-11-23,4607.920973788881,461.2395095736731
408,c,1560.0,,,2014-12-28,4420.046691898783,463.00897306677535
97,d,8980.0,,,2013-02-10,3614.097901128821,463.5743058710543
972,a,14960.0,,,2014-01-06,3515.769526013108,464.054253267881
92,c,240.0,,,2013-11-01,4636.542364599503,464.27022919764005
395,a,3620.0,2.0,2013.0,2013-12-15,2827.3676116204942,464.3600651782037
609,a,2070.0,9.0,2007.0,2014-02-09,3134.3350671193707,466.33634859854516
111,d,7890.0,,,2014-03-30,4525.63168907375,467.5253114500331
1105,c,330.0,11.0,2008.0,2015-02-08,3502.973899203576,470.9379002532688
1032,d,270.0,2.0,2013.0,2014-07-06,4342.3390345129965,471.0873626017235
782,c,5390.0,8.0,2003.0,2013-07-14,4182.378551687473,471.3026763138262
149,d,2610.0,7.0,2006.0,2013-10-06,4751.183519149053,472.4282662708457
839,c,240.0,1.0,2015.0,2014-05-11,2670.7439015422383,472.4616349508349
1050,d,13170.0,8.0,2014.0,2014-01-12,8135.6214304493105,473.2461822835401
1105,c,330.0,11.0,2008.0,2013-07-21,3442.687049446701,474.6186751727046
941,a,1200.0,12.0,2011.0,2014-04-20,3825.894840653557,478.0832422911766
408,c,1560.0,,,2015-06-07,3647.834555083232,484.1372756186275
81,a,2370.0,3.0,2011.0,2013-07-28,3729.562420223764,484.53372930548113
152,a,1780.0,,,2015-05-14,4159.0,485.0
789,a,9770.0,7.0,2003.0,2014-09-14,3115.7128544478583,486.36203432180633
266,a,360.0,3.0,2014.0,2015-04-26,4136.312604419706,486.9136380393446
534,d,1200.0,9.0,2009.0,2015-02-08,5443.636898000128,486.944356978344
941,a,1200.0,12.0,2011.0,2013-02-10,2984.456417211669,487.67374322512046
1032,d,270.0,2.0,2013.0,2014-05-25,3924.9343650847886,488.0483387386065
99,c,2030.0,11.0,2003.0,2013-09-08,5083.536973740487,491.7112992770167
723,d,5650.0,9.0,2008.0,2013-06-30,5838.671982308855,491.72870592580887
115,d,5740.0,4.0,2007.0,2014-01-05,5543.288042663986,491.82046569272
265,a,4580.0,,,2013-08-18,4347.619881397985,492.86291572803856
839,c,240.0,1.0,2015.0,2015-04-12,2969.42333732158,493.9136705873392
776,c,700.0,4.0,2009.0,2015-04-26,5082.819900132047,494.5258050682245
105,a,6190.0,,,2014-01-19,3825.966180639231,495.15163905694914
291,d,,,,2014-12-21,3904.914027227172,496.8643931611149
30,a,40.0,2.0,2014.0,2015-04-12,3377.253942123401,498.8479182966999
600,d,17340.0,6.0,2010.0,2015-01-18,5090.234169429124,500.9713032542589
949,a,870.0,3.0,2006.0,2013-06-30,6148.0,501.0
115,d,5740.0,4.0,2007.0,2013-06-30,5333.653331794424,501.14153682487154
411,d,8460.0,,,2014-02-23,4449.005745537743,501.58729409000335
235,a,5710.0,3.0,2012.0,2015-07-12,4841.088750484128,502.47780079784064
1048,d,1860.0,9.0,2012.0,2013-09-08,4187.653034775584,503.46701109222687
910,d,12480.0,,,2015-05-10,5102.705077998913,503.9891141493321
105,a,6190.0,,,2014-02-16,4729.506671779219,504.5986924311457
105,a,6190.0,,,2015-04-19,4714.5087364832725,504.90449598166833
1048,d,1860.0,9.0,2012.0,2015-05-10,5860.781162337054,505.12355504257516
249,d,18010.0,9.0,2014.0,2014-02-02,5799.49377071658,506.79896223297004
659,d,1590.0,3.0,2012.0,2014-11-23,3867.303410385999,506.8530175498457
115,d,5740.0,4.0,2007.0,2014-01-18,6823.932938774698,507.905941011656
487,d,2180.0,9.0,2012.0,2013-11-30,5261.562119799607,509.6026376754184
30,a,40.0,2.0,2014.0,2015-05-02,3250.9336729351253,510.4837077874514
115,d,5740.0,4.0,2007.0,2013-03-16,6260.270034086447,511.3477133858447
438,d,1110.0,,,2015-03-28,3636.990321227166,511.67180570655637
754,c,380.0,5.0,2008.0,2014-10-11,3797.209317236677,513.4012441738424
600,d,17340.0,6.0,2010.0,2013-06-01,4670.594581162382,513.6138079597748
81,a,2370.0,3.0,2011.0,2014-01-18,5945.0,515.0
465,d,10890.0,4.0,2005.0,2013-03-06,6293.569165125487,515.9805674561695
487,d,2180.0,9.0,2012.0,2014-07-08,5278.0,517.0
489,a,14960.0,11.0,2013.0,2014-01-25,5100.7915281427795,518.4457402765225
465,d,10890.0,4.0,2005.0,2015-02-25,6395.0,519.0
1048,d,1860.0,9.0,2012.0,2014-08-10,5743.6891643457775,519.6255680717768
775,d,6970.0,12.0,2005.0,2013-09-06,8174.463493422445,519.8630551202209
418,a,1060.0,5.0,2009.0,2014-01-29,6262.42790009417,520.6369659173976
361,c,4490.0,5.0,2014.0,2015-01-21,4836.201935732749,520.9992874660142
775,d,6970.0,12.0,2005.0,2015-01-17,6970.475189033188,522.7038470250434
776,c,700.0,4.0,2009.0,2014-01-16,4561.706655430024,523.5088224079618
1091,a,9990.0,,,2013-10-30,6773.03649339296,523.5825974826895
188,d,850.0,,,2013-06-26,5672.0267890407895,525.687041706248
638,d,10170.0,11.0,2001.0,2014-05-03,4257.015900597027,527.2987909831452
473,a,50.0,,,2014-04-12,3813.0,532.0
835,a,2890.0,12.0,2007.0,2015-04-20,3734.836521651931,533.2537846837262
86,a,480.0,2.0,2005.0,2014-07-08,3716.953272591553,534.47808885348
795,d,510.0,,,2013-06-15,5623.031800015929,537.2880281174612
86,a,480.0,2.0,2005.0,2015-06-25,3753.0,538.0
506,a,1850.0,12.0,2014.0,2015-04-22,4131.231246051227,544.6228778968507
473,a,50.0,,,2014-01-30,3367.007163693072,545.4790549585347
237,a,1420.0,11.0,2007.0,2013-02-07,3900.850364591609,546.2913207509424
188,d,850.0,,,2013-10-29,5505.9245049381725,550.6719871405948
638,d,10170.0,11.0,2001.0,2013-01-15,5865.408399597506,551.9014840771733
221,d,13530.0,9.0,2013.0,2015-04-10,7844.932082556678,553.2777388408672
854,c,4770.0,,,2013-07-13,5049.6051531356925,557.8579942434767
531,a,4030.0,,,2013-01-15,5329.784695179212,558.6490796955028
217,c,3150.0,,,2015-02-26,3613.422219235128,560.4571728873077
1036,d,9560.0,,,2014-09-23,4805.964840631124,560.8236201481997
506,a,1850.0,12.0,2014.0,2015-01-13,4597.4498459096585,561.5544125626302
659,d,1590.0,3.0,2012.0,2015-07-10,4518.822538282106,563.9103339600799
956,a,2330.0,10.0,2014.0,2013-02-27,4163.0,565.0
106,a,1390.0,8.0,2013.0,2015-01-20,4669.9419600917045,566.7749577341824
237,a,1420.0,11.0,2007.0,2013-06-08,4028.2616571537947,569.6110943091553
121,a,3570.0,11.0,2009.0,2014-07-10,4015.827441753001,570.5290343691164
126,d,3370.0,10.0,2014.0,2013-09-18,6659.013050145075,570.8323492140388
237,a,1420.0,11.0,2007.0,2013-10-30,4191.164603679411,572.304623971272
121,a,3570.0,11.0,2009.0,2014-02-10,4068.7274455990223,573.0995154199043
638,d,10170.0,11.0,2001.0,2014-06-21,5790.767363775618,574.9207297194702
999,d,15140.0,2.0,2002.0,2013-09-07,7267.037716125841,575.4952950578017
183,a,9670.0,,,2015-06-26,3630.145209778321,577.2431208434722
217,c,3150.0,,,2013-08-21,3123.53559896624,579.0642281021867
945,a,12480.0,3.0,2011.0,2014-10-25,3024.728582215245,581.1272511668218
531,a,4030.0,,,2014-04-09,4947.277434833502,582.9065333386075
447,a,1510.0,9.0,2013.0,2013-07-31,4884.989395992619,584.9032195490064
217,c,3150.0,,,2014-04-05,3287.5949233121296,585.5008557455584
67,a,410.0,2.0,2006.0,2014-05-17,5462.582708813281,586.6720204299334
569,a,1340.0,9.0,2006.0,2015-03-12,4134.579456603008,586.6987285934431
360,a,2040.0,6.0,2007.0,2014-05-10,5090.0,587.0
1113,a,9260.0,,,2013-09-19,5481.480615796856,591.393334777356
447,a,1510.0,9.0,2013.0,2014-06-23,5040.0,592.0
1046,d,29070.0,4.0,2005.0,2013-04-24,5861.212513627143,592.0302265409218
605,d,10310.0,4.0,2003.0,2013-09-18,5086.454215471728,592.2331324325025
106,a,1390.0,8.0,2013.0,2013-05-06,3768.614283570812,592.3901043038902
1072,a,5380.0,8.0,2015.0,2013-05-06,5501.126946774552,594.0492734245964
177,a,1250.0,2.0,2004.0,2015-07-25,5573.9308881096285,596.3115215199135
999,d,15140.0,2.0,2002.0,2013-07-06,7640.292360130925,596.939700798923
183,a,9670.0,,,2014-02-12,3475.683222629653,598.4541641309439
945,a,12480.0,3.0,2011.0,2015-04-21,4159.200926183779,598.9903430954564
196,c,3850.0,11.0,2005.0,2014-07-24,3601.6546801010345,601.7004867203892
594,a,1790.0,10.0,2011.0,2015-03-26,6296.319654197524,602.4108031246143
67,a,410.0,2.0,2006.0,2013-01-04,5737.3172531448035,602.8271453611559
594,a,1790.0,10.0,2011.0,2014-01-17,5775.605256214001,603.4101167426568
1046,d,29070.0,4.0,2005.0,2013-01-28,5714.895048791519,605.4280488761157
253,a,250.0,,,2013-05-04,4678.416813035696,605.943765864184
121,a,3570.0,11.0,2009.0,2015-03-14,4089.460374935895,606.2697966072466
509,a,4740.0,7.0,2008.0,2014-05-13,5583.24368275993,606.984676534135
332,a,1840.0,3.0,2006.0,2013-04-24,4806.0,607.0
154,d,16420.0,,,2015-05-29,6815.129345995487,610.055169285459
999,d,15140.0,2.0,2002.0,2014-08-09,8687.60876687676,610.2429043997466
184,d,3560.0,,,2013-08-09,6830.8090199453845,612.0190968930798
531,a,4030.0,,,2015-02-23,6371.768284404345,612.7722446253117
1072,a,5380.0,8.0,2015.0,2013-08-10,7126.800482026838,614.5546061148998
468,c,5260.0,9.0,2012.0,2013-02-21,4865.196290193521,614.5703888044059
531,a,4030.0,,,2014-12-10,3911.483138198745,614.8218471808833
1091,a,9990.0,,,2013-11-15,6431.0,615.0
486,a,2320.0,,,2013-02-01,5773.557427078311,615.5690526429073
196,c,3850.0,11.0,2005.0,2015-05-08,3817.47429812706,616.9251408093147
253,a,250.0,,,2014-10-11,4183.236172899242,618.551677472804
509,a,4740.0,7.0,2008.0,2015-06-27,6203.767714467442,619.1107002976962
531,a,4030.0,,,2014-05-10,4430.035991098499,619.545018982692
75,d,22440.0,12.0,2013.0,2015-07-22,5276.0,622.0
154,d,16420.0,,,2013-01-28,6589.840303627378,622.1996407135376
767,a,13080.0,,,2013-11-23,5210.333415773888,623.0461345942025
1091,a,9990.0,,,2013-07-22,6477.058233312986,624.6045440103752
869,c,230.0,10.0,2001.0,2013-03-23,3009.5567972781346,625.9081799061912
725,d,17540.0,6.0,2012.0,2015-03-18,6256.830064197986,626.2671038083972
486,a,2320.0,,,2015-06-19,4585.453441875885,626.7530020214045
215,d,150.0,,,2013-08-08,8020.622125218571,627.1258800827175
468,c,5260.0,9.0,2012.0,2014-08-13,5167.282461771577,628.4847058607288
922,d,2110.0,3.0,2006.0,2013-05-11,4396.93686304918,629.2021366585341
154,d,16420.0,,,2014-09-09,6885.0,630.0
516,a,20.0,,,2014-05-15,5213.993923575219,631.3535940256493
75,d,22440.0,12.0,2013.0,2014-04-03,5364.4340620843495,636.2833523538952
506,a,1850.0,12.0,2014.0,2013-06-14,3984.867488685947,639.6949178752038
375,a,15710.0,2.0,2013.0,2013-01-02,6048.2618352398595,639.8529387827402
1110,c,900.0,9.0,2010.0,2013-04-20,5244.511325174872,643.9945524896192
1034,a,13750.0,4.0,2015.0,2013-08-10,5751.562339647341,646.7984096425213
725,d,17540.0,6.0,2012.0,2014-02-26,5295.534656098102,647.5321746777569
1054,a,13190.0,,,2014-04-25,4721.47984144839,649.8804412741288
187,a,19360.0,,,2015-04-08,4071.693495328031,651.2045555515367
375,a,15710.0,2.0,2013.0,2013-06-01,5569.88240803116,651.8905104477375
177,a,1250.0,2.0,2004.0,2014-06-28,5257.974336390656,655.2014492408526
658,d,520.0,,,2013-06-28,7783.002024459733,655.6375263874962
361,c,4490.0,5.0,2014.0,2014-06-14,5811.197457190431,660.0110007919592
865,d,2640.0,,,2013-06-22,7770.195403604429,661.6921637709136
81,a,2370.0,3.0,2011.0,2014-02-13,8393.555692804686,661.9401004194617
92,c,240.0,,,2013-08-22,8606.984545105928,662.0047318055978
865,d,2640.0,,,2013-09-16,8493.024596251022,662.5780889705171
33,a,1320.0,5.0,2013.0,2014-02-22,4352.424262616055,664.1555593803424
865,d,2640.0,,,2013-06-11,8340.931499940207,665.8948181250147
792,d,17280.0,10.0,2009.0,2013-12-31,8961.505102641535,666.024803164493
587,d,330.0,9.0,2006.0,2013-01-30,12770.549221329331,666.4974759781343
419,c,1620.0,9.0,2009.0,2014-06-27,3897.0,667.0
720,a,15320.0,3.0,2011.0,2014-05-22,4794.269631703249,667.7196624913248
361,c,4490.0,5.0,2014.0,2014-10-16,4108.113421589172,668.546557878418
440,d,3900.0,4.0,2005.0,2013-10-12,5361.182459943148,671.5637384670283
278,a,9260.0,2.0,2010.0,2013-03-16,5533.0,674.0
975,a,9630.0,,,2014-09-06,6528.468423770464,675.1265330548297
658,d,520.0,,,2014-10-22,7197.812572407577,675.4644318488982
864,a,1020.0,10.0,2012.0,2015-01-24,5104.232310918721,677.5026078047117
596,c,290.0,9.0,2006.0,2013-07-13,4865.402146485413,678.5888098838287
792,d,17280.0,10.0,2009.0,2015-01-10,7671.282465321191,678.7139453988148
410,c,40.0,11.0,2011.0,2013-10-01,4808.931932063647,678.9233412729907
240,a,1110.0,5.0,2009.0,2013-08-05,8854.842775006446,680.4440656113403
864,a,1020.0,10.0,2012.0,2014-02-24,4069.106824855922,682.9670902294741
779,a,16990.0,4.0,2004.0,2014-06-26,4849.569163004784,684.8160748290032
865,d,2640.0,,,2013-08-10,8244.232005632557,685.0893967522859
965,a,110.0,,,2015-04-18,5227.831939565062,686.2620927365803
705,a,4140.0,9.0,2012.0,2015-01-23,4644.766725876213,686.8868559799655
857,c,6270.0,8.0,2005.0,2013-01-24,4886.0,687.0
705,a,4140.0,9.0,2012.0,2014-03-05,3348.968342557201,687.5000874597702
278,a,9260.0,2.0,2010.0,2015-04-22,5734.197661602624,687.9384704295637
778,a,340.0,6.0,2003.0,2013-06-15,4333.3874171087045,688.1249989742172
975,a,9630.0,,,2013-02-23,6861.443695274294,688.4012909406473
169,d,980.0,7.0,2014.0,2015-06-10,7242.967028441385,688.993010926857
658,d,520.0,,,2014-08-30,6582.2295677014135,690.1456481558162
965,a,110.0,,,2013-01-14,4924.319338873817,690.8769427396821
864,a,1020.0,10.0,2012.0,2013-02-16,3979.7495270367963,693.1795257223507
213,d,4030.0,3.0,2014.0,2015-06-09,7926.088123037371,694.45471139754
329,a,1310.0,6.0,1990.0,2014-05-22,6724.133352907293,694.5072793545108
169,d,980.0,7.0,2014.0,2013-02-09,5824.426976521408,695.0808653934872
811,a,410.0,9.0,2012.0,2015-07-13,4968.28549751995,696.0850149714239
218,a,640.0,,,2014-03-05,5374.290635644024,696.8832568083078
783,d,15490.0,,,2014-04-07,7812.9272874033095,698.4784101749626
240,a,1110.0,5.0,2009.0,2015-01-29,8711.0,699.0
783,d,15490.0,,,2013-07-24,7693.488926594618,699.0039673997894
965,a,110.0,,,2015-03-24,6173.951275879594,699.5918217394217
778,a,340.0,6.0,2003.0,2013-01-19,4226.116323678615,700.453770455312
863,a,21370.0,11.0,2010.0,2013-07-03,5301.612832063492,700.5982001669718
92,c,240.0,,,2013-07-24,8486.382956825491,700.9248608135498
985,c,490.0,5.0,2007.0,2013-10-28,7630.525953445105,701.7272695692087
360,a,2040.0,6.0,2007.0,2013-07-13,5700.900694087587,702.2576974713811
440,d,3900.0,4.0,2005.0,2013-05-25,7377.221286580435,703.1685925702083
965,a,110.0,,,2015-07-24,6463.5492165856,703.76746927772
783,d,15490.0,,,2013-10-12,8430.108236865615,704.5890455086007
554,c,1200.0,,,2013-09-25,6530.301909352406,705.0482829709051
410,c,40.0,11.0,2011.0,2015-02-07,4698.518949992156,705.0810314886446
92,c,240.0,,,2013-12-11,6871.066053194132,705.8524540208331
554,c,1200.0,,,2014-07-12,6426.0,708.0
857,c,6270.0,8.0,2005.0,2014-01-27,5503.2452533669175,708.5543747139543
440,d,3900.0,4.0,2005.0,2014-10-28,6994.6084757649805,708.5795517700774
278,a,9260.0,2.0,2010.0,2014-12-24,4726.091655307451,711.7721730792086
902,a,310.0,5.0,2015.0,2013-03-07,6016.0,713.0
440,d,3900.0,4.0,2005.0,2013-06-01,6135.040924182098,717.1544878570484
951,d,710.0,,,2013-05-08,10016.274722473794,717.1865675068802
1010,d,4610.0,6.0,2010.0,2013-06-27,8031.037655574749,718.7060882139522
1034,a,13750.0,4.0,2015.0,2014-05-27,6652.630605024367,718.8894244024417
59,a,2840.0,6.0,2007.0,2013-10-18,6676.636567054303,720.3418541547921
59,a,2840.0,6.0,2007.0,2013-09-21,5960.4731196279345,723.3381125228191
63,c,3700.0,6.0,2010.0,2013-09-21,8743.665845546027,724.6854677526003
902,a,310.0,5.0,2015.0,2015-03-10,6099.078972059794,725.3224645342212
951,d,710.0,,,2014-01-21,7543.870763783609,731.903065620236
424,d,1250.0,,,2013-09-06,6231.342946207707,732.2170120467497
370,d,8250.0,10.0,2000.0,2015-07-24,10911.204906729752,733.0126716349553
15,d,4110.0,3.0,2010.0,2014-05-03,6174.297261758639,734.3955825377511
771,a,20640.0,9.0,2007.0,2015-01-28,7292.686535422743,734.8637990305815
951,d,710.0,,,2014-10-29,7714.492456924356,735.5910257419079
1085,c,4030.0,2.0,2015.0,2014-01-17,6581.084665769132,736.430566645145
218,a,640.0,,,2014-10-25,5559.0,737.0
342,d,15770.0,,,2014-03-01,7635.284566785955,739.7662070366517
1040,a,4030.0,2.0,2013.0,2015-03-21,6740.103570705259,742.4254510438559
506,a,1850.0,12.0,2014.0,2013-01-23,6212.0,744.0
71,a,17500.0,8.0,2008.0,2013-05-24,8055.429495279608,745.2725183313748
667,d,2870.0,9.0,2012.0,2013-04-06,8132.674371946599,745.5644429409007
81,a,2370.0,3.0,2011.0,2015-01-22,9678.0,746.0
318,d,32330.0,3.0,2014.0,2015-03-05,11908.94427851657,749.6408850093326
1051,c,200.0,7.0,1998.0,2015-02-21,3437.5602544583057,752.770606920287
300,a,120.0,4.0,2009.0,2015-05-12,5252.955873443391,753.0386837034097
667,d,2870.0,9.0,2012.0,2014-09-15,9024.00336053039,754.6238696449278
101,d,2440.0,,,2015-02-12,6242.494721468066,754.829087051795
863,a,21370.0,11.0,2010.0,2015-07-04,6497.1330378293405,755.9810985573645
1070,c,400.0,10.0,2008.0,2013-06-27,7206.153156182353,757.1626727622072
300,a,120.0,4.0,2009.0,2013-05-22,5665.931312803234,760.0363529407161
673,d,15170.0,,,2015-07-07,10401.150642632607,764.2641133342128
1040,a,4030.0,2.0,2013.0,2013-05-16,7897.2865849468335,764.6736192442974
951,d,710.0,,,2013-06-20,9057.366220298472,764.876483305473
119,a,2100.0,2.0,2010.0,2014-04-12,7670.826018518304,765.192332062086
119,a,2100.0,2.0,2010.0,2013-06-29,8124.302055881695,765.2842059257945
369,d,5870.0,4.0,2014.0,2015-06-16,8481.909481428178,768.9844373397757
33,a,1320.0,5.0,2013.0,2014-12-20,7592.818114826397,770.5526268252811
360,a,2040.0,6.0,2007.0,2013-12-17,4887.461928311173,770.7788351082253
541,a,650.0,7.0,1990.0,2015-06-23,5035.996356667484,771.2808815968477
951,d,710.0,,,2014-12-10,9384.284922272369,773.1787113296132
1040,a,4030.0,2.0,2013.0,2013-02-07,7136.0,774.0
33,a,1320.0,5.0,2013.0,2014-05-22,7500.8213344293445,776.5884973128041
397,a,130.0,,,2013-12-12,6355.240723475035,779.3439667663507
81,a,2370.0,3.0,2011.0,2015-03-25,7803.116892075196,780.8129830743599
1034,a,13750.0,4.0,2015.0,2015-07-20,6048.567980909847,783.5391204148598
1005,a,6480.0,,,2015-07-08,4324.396337112292,788.0266347314856
33,a,1320.0,5.0,2013.0,2014-06-25,9163.16959815412,791.5706687645239
791,a,5950.0,4.0,2007.0,2015-06-27,6903.191444400316,791.5870813753172
271,a,420.0,,,2015-06-09,7210.450337030727,796.1735975091472
1085,c,4030.0,2.0,2015.0,2013-03-13,6898.010580865889,799.3611970186082
791,a,5950.0,4.0,2007.0,2013-12-27,7869.933235473821,799.5391945102043
791,a,5950.0,4.0,2007.0,2013-12-11,7210.198501401609,800.955272915808
1022,a,1520.0,,,2013-06-19,7430.0,801.0
339,a,2280.0,,,2014-05-23,7157.4624874435995,802.7704954132722
993,d,3460.0,10.0,2013.0,2013-09-24,7293.8401395889905,803.8242380569435
300,a,120.0,4.0,2009.0,2013-09-25,5707.189422080144,809.6496204700438
107,a,1930.0,9.0,2009.0,2015-05-30,7448.209506223091,809.924950188003
401,a,9200.0,10.0,2009.0,2013-09-04,9249.96060632277,810.2825910462311
541,a,650.0,7.0,1990.0,2013-03-26,4164.309633341301,812.0503445747438
271,a,420.0,,,2014-05-28,7208.770889502795,812.4178400262967
565,a,160.0,7.0,2007.0,2013-04-23,7058.810148115883,814.1171895038443
938,a,2820.0,9.0,2009.0,2014-04-29,7156.056172012845,817.3327963870493
791,a,5950.0,4.0,2007.0,2015-03-04,6455.0354876386755,819.9487567795726
993,d,3460.0,10.0,2013.0,2015-06-24,7843.0,820.0
441,d,2530.0,,,2013-03-02,7173.86940577827,823.7181338888753
18,d,13840.0,6.0,2010.0,2014-06-28,7189.499697112272,826.75107640449
707,a,2900.0,7.0,1990.0,2015-02-24,6645.238595081142,830.1282253400142
1006,c,3890.0,11.0,2006.0,2015-05-06,5675.5551137764805,832.6502350648902
895,a,4150.0,,,2013-03-06,8822.858133709055,833.1111951012978
441,d,2530.0,,,2014-01-25,7725.290206389364,833.4128076158245
200,a,1650.0,10.0,2000.0,2013-10-05,6748.728425238071,833.637126934879
318,d,32330.0,3.0,2014.0,2014-12-11,10592.587571355554,834.1761290275548
565,a,160.0,7.0,2007.0,2013-07-20,6959.606994977939,835.8139763606242
701,d,1450.0,3.0,2012.0,2014-07-03,8281.691449708245,836.7714876418896
187,a,19360.0,,,2013-06-08,4926.140321255042,837.7778624212523
18,d,13840.0,6.0,2010.0,2015-04-28,7123.0,839.0
271,a,420.0,,,2014-05-10,6092.174742323727,841.5548639715532
168,a,12540.0,,,2014-08-05,7103.566403462341,841.5971943183888
397,a,130.0,,,2014-07-01,9110.446526308217,841.8293009538808
168,a,12540.0,,,2014-06-27,7853.658449967411,841.8599957129511
894,a,190.0,11.0,2012.0,2014-02-07,5916.0,842.0
565,a,160.0,7.0,2007.0,2013-07-06,6801.258948781736,842.2084985167204
403,a,4970.0,7.0,2015.0,2013-04-05,7564.762018098477,842.6779703443013
1080,a,2410.0,,,2014-01-04,9694.21618955088,843.1368618916382
1006,c,3890.0,11.0,2006.0,2013-10-11,5544.536351038887,849.1130524148126
679,a,4140.0,9.0,2012.0,2014-07-10,7263.807435953785,849.1651505608207
189,d,5760.0,7.0,2014.0,2013-02-13,6860.885644546805,851.20043888386
957,d,1420.0,11.0,2012.0,2015-06-26,7646.559676774034,851.6702946865814
187,a,19360.0,,,2013-05-23,4510.124898582386,857.0923918950148
957,d,1420.0,11.0,2012.0,2014-08-13,5940.042755256448,857.8779710828453
47,a,270.0,4.0,2013.0,2014-06-03,6509.906880238615,858.6178986727227
998,a,780.0,9.0,2005.0,2013-07-05,5208.314366493686,859.0961783777307
1006,c,3890.0,11.0,2006.0,2014-10-18,7271.326769616736,860.1583229793878
957,d,1420.0,11.0,2012.0,2014-03-29,5113.770970216814,861.4591950986728
189,d,5760.0,7.0,2014.0,2014-07-19,7211.899314291401,863.7116429366632
683,a,2850.0,7.0,2014.0,2013-01-12,7680.810262610596,864.0699271384767
783,d,15490.0,,,2013-11-20,10190.800427669235,864.4435610630336
895,a,4150.0,,,2014-05-22,8525.82209874719,866.3146889501123
1045,a,26990.0,12.0,2013.0,2013-10-01,6907.0044503732115,866.3893252473296
683,a,2850.0,7.0,2014.0,2015-01-31,7634.0,868.0
378,a,2140.0,8.0,2012.0,2013-10-02,6082.935457959475,868.2187421244835
1080,a,2410.0,,,2014-12-30,8774.705974030896,871.1305768585652
57,d,420.0,6.0,2014.0,2014-11-06,8662.444574771787,872.1278562668023
620,d,5440.0,,,2014-12-02,10016.437797771345,872.9790718549142
339,a,2280.0,,,2013-04-23,8160.0,873.0
927,a,480.0,,,2014-07-31,6064.992079276944,877.3477268666678
19,a,3240.0,,,2013-11-02,11327.745910325037,878.8196473536062
150,c,31830.0,3.0,2010.0,2013-05-25,8563.886205328969,881.2957763768206
927,a,480.0,,,2015-04-09,7574.550324857376,881.5705297461302
401,a,9200.0,10.0,2009.0,2013-08-20,7633.137327559115,883.3890125543663
910,d,12480.0,,,2013-03-16,11250.69320494251,884.468338370246
849,c,5000.0,,,2014-06-27,9483.466962941022,886.8643377031842
643,a,230.0,6.0,2010.0,2014-02-10,5756.80898937129,890.753549530271
1025,a,720.0,11.0,2009.0,2015-03-09,9322.474797546838,890.8275651515277
472,c,5030.0,8.0,2011.0,2014-10-18,5788.151416615789,891.2393061179688
448,a,3970.0,9.0,2009.0,2013-05-15,8436.895775239782,891.5168441479958
42,a,290.0,,,2013-10-14,8952.578594867364,895.2039162234095
1101,d,4060.0,9.0,2012.0,2013-03-21,8188.339168518772,895.9988313930928
37,c,4230.0,12.0,2014.0,2014-03-13,8563.567561732621,897.8825921924401
683,a,2850.0,7.0,2014.0,2014-02-22,6813.996726270123,900.2807410529065
187,a,19360.0,,,2015-07-22,5395.823308049535,901.3734261308766
578,d,12700.0,4.0,2013.0,2013-08-14,9135.0,909.0
791,a,5950.0,4.0,2007.0,2015-07-17,8673.607683198154,910.0974675643663
200,a,1650.0,10.0,2000.0,2013-12-04,6104.4013950712415,910.1672501503926
934,a,5460.0,,,2015-05-12,9085.344274556835,912.5367673758516
881,a,180.0,3.0,2008.0,2015-02-20,6512.143740057227,913.7249124801144
431,d,4520.0,,,2013-12-30,9286.517865346008,915.7111536144714
881,a,180.0,3.0,2008.0,2013-03-18,7904.326070931967,917.6575172934296
137,a,1730.0,7.0,2015.0,2013-01-14,7140.338499059253,920.2980727785448
881,a,180.0,3.0,2008.0,2014-02-07,6916.951039900387,921.0999974812323
1006,c,3890.0,11.0,2006.0,2013-11-27,7674.03798964639,921.8344844354386
384,a,130.0,,,2013-07-30,7075.248818140088,923.247654209766
431,d,4520.0,,,2013-06-29,8399.481025208503,925.4726831580368
620,d,5440.0,,,2015-03-25,10217.205410077271,926.1477524333724
133,a,270.0,8.0,2013.0,2013-02-05,7759.742762442295,927.7302037894816
203,c,490.0,11.0,2002.0,2015-04-10,6384.751915967087,930.0086678614917
344,a,300.0,4.0,2011.0,2013-08-06,4876.73566780434,933.4736874642708
881,a,180.0,3.0,2008.0,2014-12-03,7725.0,934.0
490,a,660.0,4.0,2013.0,2013-03-12,7934.733879012769,934.625119331876
344,a,300.0,4.0,2011.0,2013-04-17,4802.440490968949,935.7996048766807
1101,d,4060.0,9.0,2012.0,2014-05-26,10405.64062945887,943.4134780440836
344,a,300.0,4.0,2011.0,2013-03-18,6069.585595682679,944.8350376339051
384,a,130.0,,,2014-11-13,9065.264221153264,950.6165598461844
490,a,660.0,4.0,2013.0,2014-03-14,6228.9328119316015,952.3949920859508
389,a,6690.0,8.0,2011.0,2014-05-12,7068.204063092306,960.4129957428777
1059,c,3380.0,4.0,2013.0,2013-11-12,5473.211896998221,960.7975965876976
389,a,6690.0,8.0,2011.0,2013-08-29,6451.7356196909595,960.9322017014647
576,c,50.0,11.0,2006.0,2013-07-18,7339.390444795511,963.8378597391127
439,a,1350.0,9.0,2009.0,2013-09-20,8949.920019916282,965.8589576727776
439,a,1350.0,9.0,2009.0,2015-01-22,7853.671275253763,968.4323625147116
327,c,1390.0,12.0,2004.0,2014-07-22,5755.610816397628,969.5885805497824
576,c,50.0,11.0,2006.0,2013-12-05,8072.228370261842,969.9272029470868
33,a,1320.0,5.0,2013.0,2014-05-03,8511.063538069628,970.7702727265167
384,a,130.0,,,2015-01-07,6981.305069108285,975.4031676960727
742,d,4380.0,,,2014-11-13,8954.668308566643,975.9141100808763
894,a,190.0,11.0,2012.0,2014-11-06,8172.513049353975,977.202159354547
608,a,18370.0,2.0,2013.0,2013-01-18,8219.686927142498,977.3183520914404
42,a,290.0,,,2015-03-19,9043.118895657479,980.1911160289093
754,c,380.0,5.0,2008.0,2014-07-02,11841.341724358792,982.0370218237676
576,c,50.0,11.0,2006.0,2014-01-10,7330.0,985.0
608,a,18370.0,2.0,2013.0,2013-04-12,7109.526042563528,985.6709799550316
787,c,3210.0,6.0,2009.0,2014-09-13,8063.963622289693,987.2909719726144
754,c,380.0,5.0,2008.0,2014-05-06,9879.48369492744,989.3105362774296
27,a,60.0,1.0,2005.0,2013-12-27,10869.843316746064,993.2815139336252
576,c,50.0,11.0,2006.0,2014-09-08,7600.0,994.0
1093,c,10450.0,6.0,2009.0,2013-09-20,9873.0,996.0
33,a,1320.0,5.0,2013.0,2015-06-03,10426.986983292249,997.8066857413032
742,d,4380.0,,,2013-01-21,6360.069325933232,1000.9508245929193
742,d,4380.0,,,2013-06-22,8493.547017641113,1004.5506534719293
705,a,4140.0,9.0,2012.0,2013-09-20,8439.849017673847,1006.8759051883844
327,c,1390.0,12.0,2004.0,2015-02-02,5568.911515757398,1007.20002219586
623,a,4080.0,3.0,2011.0,2013-08-02,7846.03689595706,1008.9813456576593
1093,c,10450.0,6.0,2009.0,2013-01-22,9246.098894182343,1010.8601765904132
623,a,4080.0,3.0,2011.0,2015-06-20,9783.722218721936,1012.0210376177955
787,c,3210.0,6.0,2009.0,2013-07-13,13471.69886166834,1014.305227537069
42,a,290.0,,,2013-11-05,11280.088598981221,1015.5423183699324
27,a,60.0,1.0,2005.0,2015-02-02,8114.937798820304,1018.939568824148
526,a,120.0,,,2014-03-21,7425.978134461618,1019.1711088970796
33,a,1320.0,5.0,2013.0,2013-06-14,9374.505201271288,1019.3283784728641
497,a,1610.0,,,2015-04-01,7261.9276862812085,1020.2383603627684
705,a,4140.0,9.0,2012.0,2013-08-29,8197.0,1021.0
820,a,1650.0,,,2013-11-05,12760.280455444597,1023.052808382222
787,c,3210.0,6.0,2009.0,2014-05-24,7754.919562818094,1023.9647745022493
497,a,1610.0,,,2014-04-08,7853.0,1029.0
526,a,120.0,,,2014-01-02,7183.0,1035.0
439,a,1350.0,9.0,2009.0,2014-07-14,9584.160422618204,1037.5024179581808
780,a,18160.0,,,2013-08-21,7545.820492682647,1040.857459202033
497,a,1610.0,,,2015-02-19,6285.324490767737,1043.545898346806
820,a,1650.0,,,2013-05-29,12421.856616080293,1044.5462472766224
33,a,1320.0,5.0,2013.0,2013-05-22,12155.99991258371,1047.7805241038348
27,a,60.0,1.0,2005.0,2013-02-05,8246.942319303484,1047.8662048439303
623,a,4080.0,3.0,2011.0,2015-07-20,7177.942045202021,1052.5059853738637
74,a,330.0,,,2013-08-06,7910.0,1054.0
67,a,410.0,2.0,2006.0,2014-09-15,9202.083774559478,1054.833005587847
623,a,4080.0,3.0,2011.0,2014-04-19,8514.777288530784,1056.6936915839276
439,a,1350.0,9.0,2009.0,2013-10-09,9243.13675588835,1057.3081797128661
34,c,2240.0,9.0,2009.0,2014-05-21,11636.249688875298,1057.4358318679851
67,a,410.0,2.0,2006.0,2015-02-25,10046.03375777742,1057.6670833526387
768,a,2630.0,9.0,2012.0,2015-07-21,9798.261483804257,1059.3067980536243
705,a,4140.0,9.0,2012.0,2015-05-29,7705.108050762829,1060.7295754676163
623,a,4080.0,3.0,2011.0,2015-07-27,9246.13765531922,1065.7593037445856
526,a,120.0,,,2013-08-14,7454.761941751187,1067.7394901743307
705,a,4140.0,9.0,2012.0,2013-10-02,10623.530269761855,1068.424712946528
439,a,1350.0,9.0,2009.0,2013-02-11,10840.0,1070.0
705,a,4140.0,9.0,2012.0,2014-02-14,10846.020827194876,1071.3483548431636
34,c,2240.0,9.0,2009.0,2013-04-13,9326.97629830053,1078.0487997949
173,a,350.0,12.0,2012.0,2014-03-14,7931.200038925695,1078.095231508272
768,a,2630.0,9.0,2012.0,2015-06-27,10109.581896442984,1078.6889446144605
760,a,560.0,1.0,2011.0,2014-05-24,7557.590279631325,1079.398889355647
34,c,2240.0,9.0,2009.0,2015-03-23,11594.65930439179,1081.1002467408882
33,a,1320.0,5.0,2013.0,2014-12-06,14100.051797504373,1081.6952786043946
820,a,1650.0,,,2013-01-09,13093.500688085283,1082.8015746027434
754,c,380.0,5.0,2008.0,2014-05-15,7436.611908139763,1083.2618828309896
820,a,1650.0,,,2015-07-21,11603.404197410113,1083.8333756030422
894,a,190.0,11.0,2012.0,2014-03-08,12007.816666703868,1084.7722921161987
390,a,1600.0,4.0,2009.0,2015-06-18,11876.112668377024,1099.4577889562177
400,a,70.0,11.0,2004.0,2014-11-19,6863.421170027561,1100.8615429619942
492,a,1740.0,3.0,2008.0,2014-08-19,7894.739621555309,1100.9931559634904
787,c,3210.0,6.0,2009.0,2014-01-10,10187.790439409451,1102.510132721367
787,c,3210.0,6.0,2009.0,2013-02-20,11871.252362177725,1104.002232712944
74,a,330.0,,,2013-08-27,11620.514336756543,1109.8521741088066
173,a,350.0,12.0,2012.0,2013-09-10,8320.278139097258,1111.1669906017312
768,a,2630.0,9.0,2012.0,2014-01-11,8936.293398834117,1112.37696838482
74,a,330.0,,,2014-08-27,7049.599566680591,1113.7210248681754
173,a,350.0,12.0,2012.0,2014-02-04,10776.571920458737,1115.8938970667239
497,a,1610.0,,,2015-07-30,11536.704558632116,1118.6425789889258
253,a,250.0,,,2013-03-20,14046.709414382129,1118.7279167082836
207,a,6870.0,,,2014-11-10,8369.182209009241,1119.105838783421
820,a,1650.0,,,2015-04-18,11331.262324932772,1121.105027859489
469,c,710.0,9.0,2005.0,2015-04-24,7059.919315134201,1128.010576605814
623,a,4080.0,3.0,2011.0,2014-12-05,12582.729743004858,1129.1282198357787
490,a,660.0,4.0,2013.0,2013-12-14,5016.171065894225,1129.7795177401345
490,a,660.0,4.0,2013.0,2015-06-12,10764.46517913624,1131.721903340668
390,a,1600.0,4.0,2009.0,2013-07-04,11489.000407564414,1133.3636827488822
207,a,6870.0,,,2013-05-24,10422.83020692365,1133.5675275482513
754,c,380.0,5.0,2008.0,2014-01-13,12054.966422405068,1134.8003173706932
469,c,710.0,9.0,2005.0,2015-07-02,9020.420198720138,1136.1665472570892
787,c,3210.0,6.0,2009.0,2013-01-08,11405.162640387143,1136.608001079814
490,a,660.0,4.0,2013.0,2013-08-30,12155.023571547174,1136.7581649339515
270,a,1450.0,7.0,2014.0,2013-03-20,6005.530572472864,1137.332306418163
421,c,3530.0,6.0,2012.0,2015-03-02,9218.404516528326,1137.5847682945152
27,a,60.0,1.0,2005.0,2015-05-27,11518.53131905778,1139.8431632732409
820,a,1650.0,,,2014-01-20,9820.64636657718,1140.5877418953494
270,a,1450.0,7.0,2014.0,2014-09-06,9700.848068721434,1141.815008105095
421,c,3530.0,6.0,2012.0,2014-09-16,8577.970492722015,1142.4630983492145
173,a,350.0,12.0,2012.0,2013-10-18,7383.301371797317,1143.8620358244534
1053,a,1710.0,7.0,2015.0,2013-12-11,9872.341303544206,1148.2305570452165
270,a,1450.0,7.0,2014.0,2013-10-23,11019.015385039449,1155.0913663231904
623,a,4080.0,3.0,2011.0,2013-08-13,10750.469627488164,1156.061139722769
390,a,1600.0,4.0,2009.0,2014-02-13,13105.494223806449,1159.4197310803513
760,a,560.0,1.0,2011.0,2013-06-11,8178.793167239098,1159.6240123160578
27,a,60.0,1.0,2005.0,2015-06-25,11738.708618880484,1164.0715080164796
490,a,660.0,4.0,2013.0,2015-06-24,10600.845892072983,1165.435105964196
578,d,12700.0,4.0,2013.0,2015-02-09,11427.811266693947,1167.6070820720765
623,a,4080.0,3.0,2011.0,2015-03-19,11801.335659985647,1172.3071492573165
253,a,250.0,,,2014-05-24,12403.636970300444,1172.747105488187
490,a,660.0,4.0,2013.0,2015-02-09,12606.381835118376,1173.0429340643002
173,a,350.0,12.0,2012.0,2015-03-16,12069.008988046335,1178.3027033955416
67,a,410.0,2.0,2006.0,2015-07-13,10934.80831037424,1186.5820441065232
207,a,6870.0,,,2014-05-24,9938.197123869624,1186.8688461179618
439,a,1350.0,9.0,2009.0,2014-03-22,11833.163759457822,1187.254341802887
453,a,75860.0,,,2013-03-01,10563.0,1191.0
173,a,350.0,12.0,2012.0,2013-05-18,9803.188484562195,1193.9328370222474
11,a,960.0,11.0,2011.0,2013-12-28,8435.96703662782,1194.829630538988
780,a,18160.0,,,2015-06-13,8471.8082421224,1196.1186001966773
270,a,1450.0,7.0,2014.0,2013-12-16,10651.51868548605,1197.8823015866299
722,a,50.0,,,2014-06-17,7094.013317134839,1199.5868087909544
42,a,290.0,,,2014-11-04,13390.607228197952,1208.1083576354179
400,a,70.0,11.0,2004.0,2013-07-05,9251.361762565004,1212.9453856638074
207,a,6870.0,,,2013-09-12,10586.313190876297,1213.0344781866127
894,a,190.0,11.0,2012.0,2014-07-09,10397.215770555329,1216.398494974352
623,a,4080.0,3.0,2011.0,2013-09-13,11085.857752346135,1217.587246144542
270,a,1450.0,7.0,2014.0,2015-04-10,7622.900463154391,1217.6865169742066
780,a,18160.0,,,2014-08-14,8240.045445197116,1218.9724164846566
453,a,75860.0,,,2014-10-23,7957.683857844306,1221.4314445910418
1053,a,1710.0,7.0,2015.0,2014-10-14,9330.700892048337,1223.2303799537378
1053,a,1710.0,7.0,2015.0,2014-01-25,12579.100913448352,1224.3009930939338
526,a,120.0,,,2014-12-02,9467.621952635243,1225.5395051434982
1044,c,240.0,4.0,2015.0,2013-04-18,10201.233689742008,1225.9090423035718
270,a,1450.0,7.0,2014.0,2014-09-15,9055.129190529606,1226.3775366428551
754,c,380.0,5.0,2008.0,2014-05-17,13307.390270514308,1228.4317212168473
469,c,710.0,9.0,2005.0,2013-11-16,8754.137664010708,1230.8544191000415
754,c,380.0,5.0,2008.0,2013-03-04,14482.794510334132,1235.2677291096645
526,a,120.0,,,2013-08-07,9408.822328790766,1236.0377392682806
207,a,6870.0,,,2013-08-01,9809.037200132061,1236.80705701659
270,a,1450.0,7.0,2014.0,2014-07-16,11106.708448121142,1238.0834580477956
768,a,2630.0,9.0,2012.0,2015-04-27,10395.41345594708,1239.2724374750846
1044,c,240.0,4.0,2015.0,2015-05-19,8249.089692971738,1240.5300900762893
1044,c,240.0,4.0,2015.0,2014-01-15,10794.496704762718,1244.9543910545685
42,a,290.0,,,2013-12-19,12354.636959744006,1250.4303801253666
526,a,120.0,,,2013-10-07,10410.807188949086,1253.4658854748918
768,a,2630.0,9.0,2012.0,2014-09-10,7390.09664323511,1258.2125976134678
453,a,75860.0,,,2013-03-23,9566.482687483074,1258.5596814885796
665,a,90.0,12.0,2012.0,2014-10-09,4808.3528972825125,1265.140849792664
206,a,380.0,,,2015-01-30,13703.32159693603,1268.3819298372741
469,c,710.0,9.0,2005.0,2014-03-10,9553.17917097377,1272.6022639182042
665,a,90.0,12.0,2012.0,2013-09-03,6052.259263020724,1282.8397832906785
754,c,380.0,5.0,2008.0,2013-10-07,12149.70536045329,1295.5874466785085
971,c,1140.0,5.0,2011.0,2013-11-08,11254.0,1298.0
971,c,1140.0,5.0,2011.0,2013-09-28,11078.274272971244,1301.2680389329496
42,a,290.0,,,2015-01-27,8461.233750588368,1302.6360998041855
623,a,4080.0,3.0,2011.0,2014-02-13,9740.41867954503,1302.8506899135525
896,a,170.0,9.0,2012.0,2014-01-24,10185.19976245112,1304.0284620156376
492,a,1740.0,3.0,2008.0,2013-10-23,7579.917979761851,1304.4416633253218
623,a,4080.0,3.0,2011.0,2013-03-07,13768.57551170544,1304.5819860388667
896,a,170.0,9.0,2012.0,2014-02-14,10724.468450745067,1312.854586982612
439,a,1350.0,9.0,2009.0,2015-07-09,12606.193067158536,1316.519910287584
492,a,1740.0,3.0,2008.0,2015-02-06,7631.7266043425525,1318.771722259747
1053,a,1710.0,7.0,2015.0,2013-11-05,14151.80370509689,1320.565931591008
971,c,1140.0,5.0,2011.0,2015-05-20,10791.669830561274,1322.9374459149874
896,a,170.0,9.0,2012.0,2014-08-11,9307.126733403424,1322.9740831018505
768,a,2630.0,9.0,2012.0,2015-02-20,9189.16886917265,1332.807831887222
1027,a,190.0,6.0,2008.0,2014-03-21,10325.634799861566,1333.4556644868421
722,a,50.0,,,2014-05-21,8057.032782918033,1341.0225475962075
492,a,1740.0,3.0,2008.0,2014-10-08,9462.107928306386,1346.8787908228267
971,c,1140.0,5.0,2011.0,2013-10-18,10974.341240416454,1348.189606541718
453,a,75860.0,,,2013-10-30,14195.995379327693,1351.2808671767716
544,a,250.0,12.0,2001.0,2013-09-09,9842.41586262969,1355.156476172577
1044,c,240.0,4.0,2015.0,2015-05-28,14938.022908749599,1355.2607364536525
42,a,290.0,,,2014-09-18,12881.631204426629,1360.4154224941694
207,a,6870.0,,,2015-05-09,10753.620362450452,1368.2324145861305
207,a,6870.0,,,2013-05-03,13382.21748155072,1374.7177382407847
238,a,320.0,,,2014-05-16,7699.116670447743,1377.9964595772228
1044,c,240.0,4.0,2015.0,2015-02-20,13726.829708201643,1381.7894566981686
34,c,2240.0,9.0,2009.0,2013-10-31,11647.811468266038,1381.8264506304745
464,c,520.0,3.0,2009.0,2014-06-21,14061.01401083052,1385.4121900019964
760,a,560.0,1.0,2011.0,2015-06-10,10545.449753342176,1388.355179380703
42,a,290.0,,,2013-12-12,12379.51067943603,1393.6351583371
464,c,520.0,3.0,2009.0,2015-01-23,13940.59704335156,1394.2491359547105
1027,a,190.0,6.0,2008.0,2015-02-16,8932.472851408034,1396.4665233065732
464,c,520.0,3.0,2009.0,2014-11-10,12436.66108058754,1398.3055238807706
464,c,520.0,3.0,2009.0,2014-03-22,13744.600077561345,1399.0570967031138
760,a,560.0,1.0,2011.0,2013-11-20,8922.671428353136,1400.5360464724756
944,c,1670.0,7.0,2015.0,2013-01-05,8533.0,1402.0
665,a,90.0,12.0,2012.0,2015-02-20,8183.91375264148,1407.4694433675345
944,c,1670.0,7.0,2015.0,2014-01-02,9651.293898403688,1408.4852757736044
400,a,70.0,11.0,2004.0,2013-04-24,10941.397980169637,1421.1618006980414
820,a,1650.0,,,2014-04-28,10756.988413454565,1427.2317462344827
207,a,6870.0,,,2015-05-30,11917.016911899364,1428.6300997783294
479,a,320.0,12.0,2005.0,2014-05-14,11156.998487190653,1431.9866461813924
173,a,350.0,12.0,2012.0,2014-01-08,10626.343195376736,1444.5487153391766
125,a,760.0,12.0,2005.0,2014-05-14,10987.317612628916,1444.5875968900446
173,a,350.0,12.0,2012.0,2013-11-15,13057.724658563508,1457.4034717414734
453,a,75860.0,,,2014-11-15,12532.962647071712,1462.1472327462086
944,c,1670.0,7.0,2015.0,2015-05-09,8249.206862774954,1464.7058928249858
479,a,320.0,12.0,2005.0,2014-04-28,12126.099033543269,1476.1986768605884
125,a,760.0,12.0,2005.0,2013-05-31,10113.12961466574,1476.6401914909134
544,a,250.0,12.0,2001.0,2013-12-28,10039.507566472796,1479.245846174223
971,c,1140.0,5.0,2011.0,2015-06-09,15138.008498560328,1484.8697642171185
238,a,320.0,,,2013-02-22,10067.006460628929,1487.6446379920064
944,c,1670.0,7.0,2015.0,2015-06-16,10460.732506327284,1488.9410045432526
544,a,250.0,12.0,2001.0,2014-07-26,12604.126203951006,1493.7189102100854
722,a,50.0,,,2015-02-10,11377.903861916588,1497.2363419218286
754,c,380.0,5.0,2008.0,2015-07-09,10025.903158001764,1501.5247503300693
34,c,2240.0,9.0,2009.0,2015-06-18,10068.059565853544,1504.9439815650626
645,a,90.0,,,2014-10-23,16402.016133993515,1508.6152462080315
173,a,350.0,12.0,2012.0,2014-06-18,9660.821853458354,1509.0784955941813
238,a,320.0,,,2015-06-03,14291.753966867778,1517.0043619947355
544,a,250.0,12.0,2001.0,2013-11-16,13035.010226717903,1521.1492271637271
253,a,250.0,,,2013-01-29,12060.965737187627,1525.2807947991446
479,a,320.0,12.0,2005.0,2015-06-18,9637.760848832666,1530.7615849086872
971,c,1140.0,5.0,2011.0,2013-05-30,12652.873191615545,1531.4483267900625
74,a,330.0,,,2013-02-08,14007.032172555364,1532.7611865346987
125,a,760.0,12.0,2005.0,2013-12-18,14068.4756120123,1533.2643111061898
125,a,760.0,12.0,2005.0,2014-04-15,12128.202493396384,1533.4194548167081
645,a,90.0,,,2014-01-02,15462.56240293968,1534.877322970099
27,a,60.0,1.0,2005.0,2014-04-16,12566.33488602444,1540.1951831183587
623,a,4080.0,3.0,2011.0,2015-04-29,12867.359590059436,1548.9530851802258
827,a,250.0,1.0,2005.0,2013-03-19,12395.951117240878,1551.8637321642173
722,a,50.0,,,2015-03-16,10084.205827857151,1552.3028993825767
645,a,90.0,,,2013-08-31,14959.570094239143,1555.1299832407153
27,a,60.0,1.0,2005.0,2015-05-16,12976.915985582607,1556.3745999207208
125,a,760.0,12.0,2005.0,2015-03-03,16800.84529670155,1564.6024678126535
544,a,250.0,12.0,2001.0,2014-05-22,11430.146005297993,1567.5561751098246
439,a,1350.0,9.0,2009.0,2015-03-21,13221.326740833225,1575.3786119961526
544,a,250.0,12.0,2001.0,2014-11-25,13285.760390524887,1575.770619924376
207,a,6870.0,,,2014-03-18,12689.663786235436,1576.9430592976
544,a,250.0,12.0,2001.0,2013-11-11,11266.535238045437,1579.2202665080686
645,a,90.0,,,2013-11-01,12702.935828328824,1580.5120389327285
645,a,90.0,,,2014-08-11,11598.188414447675,1581.164200418415
74,a,330.0,,,2015-07-03,13405.991264601267,1581.9633025293913
34,c,2240.0,9.0,2009.0,2014-09-18,13905.415104310518,1582.5116873387412
34,c,2240.0,9.0,2009.0,2014-08-20,11015.221045075898,1588.6372467897336
125,a,760.0,12.0,2005.0,2014-02-28,10763.34868480701,1593.9765912399273
253,a,250.0,,,2014-05-02,9644.932403885412,1594.856083077179
532,a,1070.0,8.0,2010.0,2015-06-13,13951.45916140951,1596.18852253138
238,a,320.0,,,2014-04-05,15101.411810273075,1597.8546502488784
645,a,90.0,,,2013-01-24,16741.781298603444,1606.92979409431
526,a,120.0,,,2013-09-05,14182.806857301226,1607.555293054519
490,a,660.0,4.0,2013.0,2014-01-22,12742.798951285726,1608.904135535651
125,a,760.0,12.0,2005.0,2014-02-18,12019.710355312915,1611.9535526850034
453,a,75860.0,,,2013-09-28,11030.979685953746,1612.2204130925006
439,a,1350.0,9.0,2009.0,2013-02-26,12220.72189759772,1612.4609712311246
820,a,1650.0,,,2013-01-02,11320.67714908978,1620.242810703228
645,a,90.0,,,2013-08-28,11734.922880617476,1620.4395213959408
709,a,500.0,12.0,2010.0,2015-03-05,11315.85950642107,1621.348173523377
526,a,120.0,,,2014-12-23,14203.947402922204,1622.012057110087
526,a,120.0,,,2013-06-14,12966.81377991733,1623.3235558124686
173,a,350.0,12.0,2012.0,2013-10-22,10829.092277799038,1630.0990000723325
645,a,90.0,,,2014-03-19,14273.699115556066,1640.3088110237836
580,a,170.0,2.0,2009.0,2014-03-29,9372.072933888492,1642.9274439069557
645,a,90.0,,,2014-04-14,13790.071354358284,1650.2202031106488
207,a,6870.0,,,2013-10-09,12969.375741478258,1653.9923436170413
705,a,4140.0,9.0,2012.0,2014-05-15,10895.026556019393,1664.2993610925244
645,a,90.0,,,2013-08-16,14514.894968281576,1667.5833735647448
722,a,50.0,,,2013-03-16,9656.118383465833,1670.513628847167
705,a,4140.0,9.0,2012.0,2014-06-16,9143.499129422977,1676.084451720135
827,a,250.0,1.0,2005.0,2015-02-26,11595.325816417682,1678.6077044082895
827,a,250.0,1.0,2005.0,2014-10-30,10402.929814037989,1684.4050233181479
125,a,760.0,12.0,2005.0,2013-09-13,13388.439821415324,1684.6116577241767
709,a,500.0,12.0,2010.0,2013-10-21,14708.642345365182,1690.1400032531603
709,a,500.0,12.0,2010.0,2015-01-30,13705.707742246672,1692.341418348002
470,a,50.0,,,2015-03-19,15511.955718050336,1693.8947341359078
780,a,18160.0,,,2014-08-12,14131.703638168025,1694.0033974228436
34,c,2240.0,9.0,2009.0,2013-08-09,15479.027964701332,1696.8047419397778
705,a,4140.0,9.0,2012.0,2013-07-03,9068.080315402287,1697.2595077015685
709,a,500.0,12.0,2010.0,2015-02-18,18426.657081452606,1697.9404976334745
125,a,760.0,12.0,2005.0,2014-02-06,10763.680925063609,1705.3694447147598
705,a,4140.0,9.0,2012.0,2015-02-19,10090.001620634659,1710.109751194166
173,a,350.0,12.0,2012.0,2013-02-11,15204.262876906658,1712.433736155244
595,c,1130.0,6.0,2015.0,2014-06-12,15521.039729256172,1721.5375822035792
490,a,660.0,4.0,2013.0,2014-09-29,13564.421041057272,1723.158128855035
453,a,75860.0,,,2013-04-18,10599.831381622742,1726.3440007925228
645,a,90.0,,,2013-03-12,14430.291218080205,1732.2417686557087
125,a,760.0,12.0,2005.0,2013-07-01,12836.846027404614,1734.6666219253207
768,a,2630.0,9.0,2012.0,2013-05-27,12584.985461982871,1737.635412337951
34,c,2240.0,9.0,2009.0,2015-03-17,15888.775178921793,1739.2246057776513
390,a,1600.0,4.0,2009.0,2013-08-14,13670.859503825795,1744.2845260442155
595,c,1130.0,6.0,2015.0,2014-06-21,18324.57807227801,1744.6409858497425
470,a,50.0,,,2014-03-18,13984.018179509932,1746.6186473786593
820,a,1650.0,,,2013-04-09,10223.14383388675,1747.8671679048248
238,a,320.0,,,2014-02-05,11776.628305365082,1753.42518754211
453,a,75860.0,,,2015-04-23,11252.189995551533,1757.3724870632382
453,a,75860.0,,,2013-07-01,11372.739697197532,1764.2643774004514
470,a,50.0,,,2013-04-02,14808.639692731544,1775.7143383906036
238,a,320.0,,,2014-10-10,11407.60846709613,1776.6776602698785
492,a,1740.0,3.0,2008.0,2015-05-04,7411.4187799046085,1777.9567393827692
470,a,50.0,,,2014-08-25,15713.801546249562,1780.9020353397714
827,a,250.0,1.0,2005.0,2014-01-21,9580.84103561632,1784.8914531899136
544,a,250.0,12.0,2001.0,2015-04-22,11371.40077152143,1785.8446728999768
253,a,250.0,,,2015-02-03,12875.217936743184,1788.5649800090334
253,a,250.0,,,2013-12-10,10181.610850739446,1798.3203250976505
470,a,50.0,,,2014-12-16,12661.95543581037,1807.2619625633054
827,a,250.0,1.0,2005.0,2013-11-29,10082.545398261756,1808.108940517587
492,a,1740.0,3.0,2008.0,2013-08-12,13820.62920398999,1813.4500940162675
253,a,250.0,,,2013-09-25,10747.335199809211,1823.695155114151
490,a,660.0,4.0,2013.0,2013-04-12,14006.318983011372,1823.8479136146616
827,a,250.0,1.0,2005.0,2013-06-07,10866.713381775236,1823.9586153374207
971,c,1140.0,5.0,2011.0,2015-04-02,14314.163119618566,1824.796047150631
492,a,1740.0,3.0,2008.0,2013-10-10,9370.022790210858,1826.3651238345608
1044,c,240.0,4.0,2015.0,2013-09-20,12039.359976533791,1838.2682497989213
125,a,760.0,12.0,2005.0,2015-01-09,13877.677534930664,1840.4282508962606
698,a,1790.0,5.0,2011.0,2013-11-14,15975.010699204704,1841.2128503539866
238,a,320.0,,,2014-09-29,14181.213596833923,1844.5300855458609
971,c,1140.0,5.0,2011.0,2014-01-04,13377.369210154586,1854.0194173479529
827,a,250.0,1.0,2005.0,2014-04-24,13787.944912161587,1860.5603031566552
470,a,50.0,,,2013-11-13,12631.410150894091,1879.5460664367365
698,a,1790.0,5.0,2011.0,2015-04-17,14700.142273362459,1881.405789227876
894,a,190.0,11.0,2012.0,2014-02-05,15636.500620011588,1885.0080455471011
470,a,50.0,,,2015-01-07,11449.568853232746,1899.4511885819863
827,a,250.0,1.0,2005.0,2014-09-09,13044.959795001036,1911.4137938918936
760,a,560.0,1.0,2011.0,2015-02-18,12711.03238978013,1918.0291881124108
896,a,170.0,9.0,2012.0,2013-03-02,12748.848518939792,1919.4778664183111
820,a,1650.0,,,2014-05-16,13241.277490650371,1924.3354645380896
722,a,50.0,,,2015-07-15,14334.850212988717,1926.7775888104466
1053,a,1710.0,7.0,2015.0,2014-03-07,16545.463265323666,1929.2770282079873
896,a,170.0,9.0,2012.0,2013-05-14,13597.371020942915,1935.8738100594214
896,a,170.0,9.0,2012.0,2015-07-17,13666.998137375436,1938.4061619276995
820,a,1650.0,,,2013-10-25,14106.696017596008,1942.1821599247885
760,a,560.0,1.0,2011.0,2014-02-15,12631.985380289778,1953.6539923193188
544,a,250.0,12.0,2001.0,2014-08-18,11556.668826769619,1954.7291328505926
971,c,1140.0,5.0,2011.0,2014-04-17,10699.034568614865,1966.104575511802
722,a,50.0,,,2013-06-28,8964.929438440877,1966.9164582234566
722,a,50.0,,,2015-04-28,16268.752596439126,1969.924791823508
544,a,250.0,12.0,2001.0,2014-06-30,10591.843981482365,1972.4061279869445
320,a,210.0,9.0,2012.0,2015-06-25,12735.1545860139,1976.2594169424785
1044,c,240.0,4.0,2015.0,2014-06-12,12636.91492988747,1979.7225180312091
971,c,1140.0,5.0,2011.0,2014-12-05,12525.06508110279,1980.9898524631951
544,a,250.0,12.0,2001.0,2013-10-16,12413.637963207702,1988.1057321519752
722,a,50.0,,,2015-01-05,13548.364519368968,1996.7198666612087
320,a,210.0,9.0,2012.0,2015-01-31,16982.671251427557,1998.750701972587
894,a,190.0,11.0,2012.0,2015-03-20,14131.761219644348,2002.7512055002398
544,a,250.0,12.0,2001.0,2015-01-14,15900.282954975059,2004.695793642283
125,a,760.0,12.0,2005.0,2015-05-20,12339.545063988611,2009.8950951038348
544,a,250.0,12.0,2001.0,2015-06-08,8603.679932912677,2010.282250631183
760,a,560.0,1.0,2011.0,2015-05-06,9301.481055465541,2019.9342487760355
1027,a,190.0,6.0,2008.0,2014-09-01,14529.771872157522,2042.7122950233481
896,a,170.0,9.0,2012.0,2014-11-26,13518.07168799119,2058.508581637701
722,a,50.0,,,2015-05-05,14844.719080641245,2067.6447905500413
125,a,760.0,12.0,2005.0,2013-01-30,9826.581438700892,2070.7838134296826
645,a,90.0,,,2013-02-27,15281.9667810597,2074.9767648037882
645,a,90.0,,,2015-01-13,16433.711657878033,2076.1353786533373
722,a,50.0,,,2013-05-03,16335.664159887196,2080.553812367433
1027,a,190.0,6.0,2008.0,2015-07-29,18227.795766718427,2082.073852422515
1044,c,240.0,4.0,2015.0,2014-06-24,10924.87916556266,2092.0568736818545
722,a,50.0,,,2013-04-12,14640.909822613203,2095.2308535863544
1027,a,190.0,6.0,2008.0,2013-09-19,16225.920557746975,2095.9090877411213
1027,a,190.0,6.0,2008.0,2015-03-12,16193.249306958953,2099.817349652877
470,a,50.0,,,2013-12-28,13294.19136290928,2100.31783850512
390,a,1600.0,4.0,2009.0,2013-01-03,15561.169666596192,2104.6782443314755
722,a,50.0,,,2013-10-19,14021.713434053903,2106.3015727684333
423,b,1270.0,5.0,2014.0,2014-12-09,13459.218544586136,2106.366320261868
645,a,90.0,,,2013-10-21,17312.28266000983,2115.010838415716
336,a,190.0,7.0,2014.0,2014-08-20,13796.45656269084,2124.55017933557
682,b,150.0,9.0,2006.0,2014-11-13,16377.352497688084,2134.4035087224693
320,a,210.0,9.0,2012.0,2014-01-22,12968.861012506035,2147.1514391527985
827,a,250.0,1.0,2005.0,2014-11-08,14776.158344023921,2165.8123537988427
336,a,190.0,7.0,2014.0,2013-06-10,15433.917773759717,2167.0996043845284
827,a,250.0,1.0,2005.0,2014-11-10,15600.339736576741,2169.13311742892
423,b,1270.0,5.0,2014.0,2015-01-07,16208.854457828738,2175.5712315935707
336,a,190.0,7.0,2014.0,2014-06-06,15166.989055286394,2178.3356872807813
251,a,340.0,,,2013-03-26,13032.749500679723,2179.245578814143
251,a,340.0,,,2014-05-31,13940.242517065957,2183.4002593101563
320,a,210.0,9.0,2012.0,2013-06-17,15600.42379029896,2186.8935014804692
827,a,250.0,1.0,2005.0,2013-12-19,14621.81820990584,2192.5056778308785
722,a,50.0,,,2014-01-06,13969.440629558943,2200.4521717276493
335,b,90.0,,,2015-02-10,12566.091105705842,2210.813199421252
320,a,210.0,9.0,2012.0,2013-04-04,13893.271396855722,2212.5919187667632
682,b,150.0,9.0,2006.0,2015-07-02,13920.545381849064,2215.4152605992067
709,a,500.0,12.0,2010.0,2015-03-17,14356.479565706764,2216.4508981722
336,a,190.0,7.0,2014.0,2015-07-06,13408.414072779076,2224.963827357392
320,a,210.0,9.0,2012.0,2014-02-13,14903.754803212583,2225.599504218461
827,a,250.0,1.0,2005.0,2014-10-31,15794.669078995803,2246.810738342318
544,a,250.0,12.0,2001.0,2014-11-20,11946.025389069446,2246.93741809368
251,a,340.0,,,2013-01-21,14813.88812450674,2252.04600937918
682,b,150.0,9.0,2006.0,2014-01-04,18026.430966886666,2256.190518856589
682,b,150.0,9.0,2006.0,2014-07-01,15881.830082612936,2262.2265457662315
207,a,6870.0,,,2015-04-02,13017.897837728526,2263.889550937528
320,a,210.0,9.0,2012.0,2015-03-18,11620.72066029375,2268.6215003329817
423,b,1270.0,5.0,2014.0,2014-02-28,12828.0,2273.0
709,a,500.0,12.0,2010.0,2014-07-14,15269.680243883726,2278.141334577717
682,b,150.0,9.0,2006.0,2014-09-15,15560.49000653054,2280.368727171221
470,a,50.0,,,2013-03-05,15488.661781647192,2281.699407192334
251,a,340.0,,,2013-08-02,13409.703868843178,2290.910979181391
335,b,90.0,,,2014-08-22,11549.261888463037,2306.119207565993
532,a,1070.0,8.0,2010.0,2014-03-03,11890.160373198987,2341.307173267653
320,a,210.0,9.0,2012.0,2014-03-14,14063.398329774378,2372.507309530844
470,a,50.0,,,2013-10-19,10555.798073358754,2381.691405249812
470,a,50.0,,,2014-02-20,11189.716127965316,2383.9323368979567
470,a,50.0,,,2014-12-17,11385.361173776773,2384.341481737665
470,a,50.0,,,2013-06-27,13078.664459945703,2388.802400976192
595,c,1130.0,6.0,2015.0,2013-02-25,12469.403038004288,2395.988093854601
470,a,50.0,,,2014-04-28,17134.917220666415,2396.439958810933
320,a,210.0,9.0,2012.0,2013-12-30,14221.177255270784,2408.365224983091
756,a,50.0,,,2014-03-07,13593.27343511681,2411.376968340561
320,a,210.0,9.0,2012.0,2014-07-03,14816.615618575825,2414.84052879894
645,a,90.0,,,2013-07-15,17563.22464600294,2416.301965680373
709,a,500.0,12.0,2010.0,2015-03-03,14071.618749777359,2427.367006765041
722,a,50.0,,,2015-06-27,12620.933235749255,2431.11501211658
259,b,210.0,,,2013-05-13,9115.052732661536,2444.7419316553546
125,a,760.0,12.0,2005.0,2013-08-28,13060.4907257927,2459.7273372498885
320,a,210.0,9.0,2012.0,2014-06-20,16024.333703334643,2472.170051323588
595,c,1130.0,6.0,2015.0,2014-04-28,13119.584914672458,2475.5818496290235
259,b,210.0,,,2013-01-03,11685.233581691176,2476.983088311341
944,c,1670.0,7.0,2015.0,2014-06-07,14741.25138502455,2478.574797982294
827,a,250.0,1.0,2005.0,2015-03-26,12629.22612454795,2479.0956504160613
544,a,250.0,12.0,2001.0,2014-03-18,13484.59183088728,2481.0745256758582
595,c,1130.0,6.0,2015.0,2014-11-26,17744.787503778374,2491.086186472573
259,b,210.0,,,2015-04-27,12874.235240563114,2491.8396037773223
125,a,760.0,12.0,2005.0,2013-06-03,13872.139966309296,2498.0644894682364
125,a,760.0,12.0,2005.0,2014-04-08,14485.242112846609,2500.77774869697
259,b,210.0,,,2013-03-23,12319.742031013862,2503.2505593828932
335,b,90.0,,,2013-01-24,14397.940443041167,2503.970883983496
336,a,190.0,7.0,2014.0,2014-01-20,13615.085887031562,2505.0890864240273
827,a,250.0,1.0,2005.0,2015-05-20,16423.773941441887,2507.598797905532
645,a,90.0,,,2013-03-18,18057.956499667467,2519.29528739852
944,c,1670.0,7.0,2015.0,2013-07-02,13518.554945036067,2536.315252742949
251,a,340.0,,,2015-02-13,16534.226756844186,2538.3525548269777
595,c,1130.0,6.0,2015.0,2014-03-19,15131.134541209962,2557.758215605748
335,b,90.0,,,2013-07-16,10296.88137982091,2562.5711744485684
580,a,170.0,2.0,2009.0,2015-07-14,12148.423225768747,2563.946066854899
492,a,1740.0,3.0,2008.0,2014-08-27,13662.634774520136,2574.666611399086
756,a,50.0,,,2014-02-27,14990.075711374353,2584.586462966752
470,a,50.0,,,2015-06-08,14462.663581609475,2585.1463317965995
645,a,90.0,,,2013-07-31,16107.977292101416,2591.0072866601504
513,a,400.0,8.0,2013.0,2013-12-04,15524.064504426638,2592.69181811036
470,a,50.0,,,2013-06-24,9389.388630095676,2593.009896945125
470,a,50.0,,,2014-10-06,9395.952995885144,2594.002737391901
544,a,250.0,12.0,2001.0,2014-05-21,14861.594504099812,2594.7813285521424
595,c,1130.0,6.0,2015.0,2013-06-23,16324.085354483545,2600.451513742651
470,a,50.0,,,2015-07-08,16416.336351684462,2628.290128382795
336,a,190.0,7.0,2014.0,2013-10-08,15420.672877865163,2630.549252675852
595,c,1130.0,6.0,2015.0,2014-08-06,14090.663504902132,2635.846855992091
827,a,250.0,1.0,2005.0,2015-04-13,11674.415802634123,2654.605004059022
470,a,50.0,,,2013-12-14,13473.590071890269,2659.68298826334
320,a,210.0,9.0,2012.0,2014-04-24,12774.105198215402,2669.7593784040805
492,a,1740.0,3.0,2008.0,2014-07-18,14425.472578143257,2671.7313827192183
492,a,1740.0,3.0,2008.0,2013-02-16,16006.668878349412,2673.824855761685
251,a,340.0,,,2013-02-18,16011.429250932208,2674.2630802515478
709,a,500.0,12.0,2010.0,2014-10-20,15587.484816266291,2687.244414643404
470,a,50.0,,,2014-03-16,13570.179426200757,2693.1998514948145
492,a,1740.0,3.0,2008.0,2013-10-12,16664.163451227487,2718.5617013925907
709,a,500.0,12.0,2010.0,2013-05-27,14661.214720601496,2723.4190457320083
682,b,150.0,9.0,2006.0,2015-01-02,16334.59140386208,2735.079869503293
492,a,1740.0,3.0,2008.0,2015-07-16,15867.662848520493,2736.464609199088
698,a,1790.0,5.0,2011.0,2013-11-30,14324.397779547638,2746.6647665069213
336,a,190.0,7.0,2014.0,2014-11-03,13511.49804875465,2747.292415161146
470,a,50.0,,,2013-12-16,14670.512573580269,2747.420714557496
492,a,1740.0,3.0,2008.0,2015-04-04,12466.955879773064,2748.543748525681
470,a,50.0,,,2015-04-04,11429.278423060794,2755.0293966073723
470,a,50.0,,,2015-05-23,14739.015771049042,2773.4036435443627
125,a,760.0,12.0,2005.0,2015-04-02,12699.59320789542,2795.1059259057697
470,a,50.0,,,2015-05-21,9574.020337179167,2795.992283622017
580,a,170.0,2.0,2009.0,2014-05-30,13096.430936978906,2797.980541939367
698,a,1790.0,5.0,2011.0,2015-03-27,11900.0227920061,2806.652851244841
682,b,150.0,9.0,2006.0,2014-11-29,12609.050819950826,2810.7862823542027
470,a,50.0,,,2014-12-05,15529.441458551628,2812.652282570503
645,a,90.0,,,2013-12-29,15594.952659833203,2816.0256489700128
492,a,1740.0,3.0,2008.0,2014-01-03,12561.155161475157,2834.8688508559553
470,a,50.0,,,2014-04-16,14248.621684858403,2860.853968106225
470,a,50.0,,,2013-12-18,15072.420670590733,2907.653057573774
682,b,150.0,9.0,2006.0,2015-02-03,10812.320142618722,2980.681848886218
125,a,760.0,12.0,2005.0,2015-02-03,13935.668179094895,2985.856032285831
259,b,210.0,,,2015-02-02,9489.409316563806,2994.001807057723
733,b,860.0,10.0,1999.0,2013-12-23,14826.03547738808,2996.147845730631
336,a,190.0,7.0,2014.0,2015-01-15,16565.367556193407,3009.9839939118187
336,a,190.0,7.0,2014.0,2014-04-03,17554.693988495237,3019.687397954527
336,a,190.0,7.0,2014.0,2014-09-11,18925.19790287921,3020.3618260404933
259,b,210.0,,,2013-12-09,14908.726353028524,3025.7343841834145
259,b,210.0,,,2013-12-07,12158.002734589829,3044.6886283074223
336,a,190.0,7.0,2014.0,2015-05-19,17549.11959830001,3044.883807826903
470,a,50.0,,,2014-12-19,17627.793164002167,3045.4288275569465
320,a,210.0,9.0,2012.0,2014-04-19,13482.975838596321,3051.409613450855
320,a,210.0,9.0,2012.0,2014-02-01,12841.55070092779,3052.8669915039172
733,b,860.0,10.0,1999.0,2013-08-27,12806.711936129746,3058.7680017425764
320,a,210.0,9.0,2012.0,2015-07-08,15848.116980597388,3060.8330601516773
336,a,190.0,7.0,2014.0,2013-01-25,14893.124470539695,3061.8512560010704
756,a,50.0,,,2013-03-19,14673.6019056036,3072.011820502539
722,a,50.0,,,2015-03-05,13554.552416004035,3072.124437288605
709,a,500.0,12.0,2010.0,2013-12-14,11916.225501400231,3076.9567460961625
320,a,210.0,9.0,2012.0,2015-04-30,14011.830825302719,3077.9594876115584
722,a,50.0,,,2014-11-27,16890.566386261267,3082.6313053386407
709,a,500.0,12.0,2010.0,2015-01-12,13590.559804397331,3089.171100211529
722,a,50.0,,,2014-12-15,15476.953399300684,3104.5822709087893
353,b,900.0,,,2014-12-16,12477.709995706446,3126.3066657828167
1026,c,450.0,6.0,2011.0,2013-09-07,16374.21793745022,3142.0705427458
470,a,50.0,,,2014-12-08,14620.09233802969,3142.12744923348
709,a,500.0,12.0,2010.0,2013-10-09,12063.263239050984,3144.2255600645226
544,a,250.0,12.0,2001.0,2014-04-06,12224.69962286166,3151.5088425807226
544,a,250.0,12.0,2001.0,2015-07-15,10162.499275980725,3152.996708105712
756,a,50.0,,,2015-07-21,14138.446638734104,3174.645995014473
756,a,50.0,,,2013-03-20,15612.36650533433,3197.478612405093
709,a,500.0,12.0,2010.0,2013-03-13,12550.87211063998,3230.6393722910457
827,a,250.0,1.0,2005.0,2013-12-07,13072.478066348738,3240.6919752484255
709,a,500.0,12.0,2010.0,2014-12-05,14439.279686836082,3243.770749486115
544,a,250.0,12.0,2001.0,2013-06-01,12400.02205355129,3247.9319974320006
470,a,50.0,,,2013-11-18,12188.74241743427,3264.730497478029
722,a,50.0,,,2013-10-18,14123.377047241323,3271.367362234412
470,a,50.0,,,2014-05-06,12373.620956912097,3279.567029632026
335,b,90.0,,,2013-03-01,12744.686979305448,3284.587976166936
544,a,250.0,12.0,2001.0,2015-07-02,12077.373104336222,3296.993469494016
335,b,90.0,,,2015-06-30,12636.383002123566,3297.882847578748
544,a,250.0,12.0,2001.0,2013-11-22,17405.886692824042,3300.726003052104
756,a,50.0,,,2013-05-18,15666.451568352168,3307.2723438710595
827,a,250.0,1.0,2005.0,2014-01-16,10978.47991957666,3311.8930247403728
320,a,210.0,9.0,2012.0,2015-01-03,12916.023280426109,3313.427492646046
722,a,50.0,,,2013-12-03,12966.075932903808,3313.7479744022025
827,a,250.0,1.0,2005.0,2015-05-08,12400.970118907231,3313.903305863223
320,a,210.0,9.0,2012.0,2014-11-10,14220.463770166047,3348.676817645752
470,a,50.0,,,2013-07-02,14792.541760356558,3354.489481935331
722,a,50.0,,,2013-09-27,13268.290378478778,3360.617872422188
756,a,50.0,,,2015-06-05,11473.693633092918,3368.0726516956875
320,a,210.0,9.0,2012.0,2014-11-24,14140.593244576492,3402.6648762625487
423,b,1270.0,5.0,2014.0,2014-04-28,12581.18498365618,3411.033564587796
